company_name,phone,website,address,city,state,lat,lng,rating,review_count,categories,source_url,source
American Trucking Company,+13474356378,,"67 Cutter Mill Rd, Great Neck, NY 11021",Great Neck,NEW YORK,40.7859416,-73.7315583,4.9,27,Trucking company,https://www.google.com/maps/search/?api=1&query=American%20Trucking%20Company&query_place_id=ChIJnahn6bCJwokRhlyrh16y1n8,apify_google_maps
Metro Trucking Affordable Logistics INC.,,https://safer.fmcsa.dot.gov/query.asp?searchtype=ANY&query_type=queryCarrierSnapshot&query_param=USDOT&query_string=3398991,"1144 59th St, Brooklyn, NY 11219",Brooklyn,NEW YORK,40.6312815,-74.0014018,4.9,37,Trucking company;Warehouse,https://www.google.com/maps/search/?api=1&query=Metro%20Trucking%20Affordable%20Logistics%20INC.&query_place_id=ChIJc5SkAi5FwokRkJ_ci6cNb2Y,apify_google_maps
"Atlantic Coast Trucking, LLC",+18456806754,,"6 Ramland Rd, Orangeburg, NY 10962",Orangeburg,NEW YORK,41.034781,-73.971586,3.7,3,Trucking company;Shipping company;Trucking;Warehouse,https://www.google.com/maps/search/?api=1&query=Atlantic%20Coast%20Trucking%2C%20LLC&query_place_id=ChIJeR6PAy7pwokRMxT1yl13C2I,apify_google_maps
RTC Queens,+16466424867,https://grupoenviworld.com/,"84-02 Roosevelt Ave, Jackson Heights, NY 11372",Jackson Heights,NEW YORK,40.7477205,-73.8818902,3.5,85,Freight forwarding service,https://www.google.com/maps/search/?api=1&query=RTC%20Queens&query_place_id=ChIJlZYYP2JfwokRxMV_Miudm8k,apify_google_maps
Pride Transportation Services,+17189426408,,"880 Alabama Ave, Brooklyn, NY 11207",Brooklyn,NEW YORK,40.6547785,-73.8911361,1.8,154,School bus service;Bus charter;Bus company;Handicapped transportation service;Transportation service,https://www.google.com/maps/search/?api=1&query=Pride%20Transportation%20Services&query_place_id=ChIJ-VOd4fxcwokRWYFCz1iuwVQ,apify_google_maps
The Golden Truck Moving Company,+16467084344,http://www.moversinbrooklyn.com/,"914 Bushwick Ave, Brooklyn, NY 11221",Brooklyn,NEW YORK,40.6929122,-73.9248107,5,136,Mover;Moving and storage service;Piano moving service,https://www.google.com/maps/search/?api=1&query=The%20Golden%20Truck%20Moving%20Company&query_place_id=ChIJ4epbkuxdwokRSJ0SEfQ8tvs,apify_google_maps
"Clean Collection, Inc.",+19296102406,,,,,40.7324605,-73.7113344,4.9,124,Trucking company;Construction company;Demolition contractor;Service establishment;Landscaper;Moving and storage service;Painter;Waste management service,https://www.google.com/maps/search/?api=1&query=Clean%20Collection%2C%20Inc.&query_place_id=ChIJmRsUC-RdwokRmdO_n-YD2VI,apify_google_maps
Alabama Carriers Inc,+12058414050,http://www.alabamacarriers.com/,"3800 Industrial Dr, Birmingham, AL 35217",Birmingham,ALABAMA,33.6149398,-86.7544195,4.3,42,Trucking company;Transportation service,https://www.google.com/maps/search/?api=1&query=Alabama%20Carriers%20Inc&query_place_id=ChIJA3I5zXYFiYgRNmLeHSFbXUo,apify_google_maps
Watkins Trucking Co,+12055923422,http://www.watkinstrucking.com/,"4632 Richard Arrington Jr Blvd N, Birmingham, AL 35212",Birmingham,ALABAMA,33.5437337,-86.7661984,4.1,43,Trucking company,https://www.google.com/maps/search/?api=1&query=Watkins%20Trucking%20Co&query_place_id=ChIJxUI2vO0aiYgR9rtYgDZswrI,apify_google_maps
Ayaan Busing & Trucking Institute Inc,+17188508100,http://www.ayaaninstitute.org/,"102-43 Jamaica Ave, Richmond Hill, NY 11418",Richmond Hill,NEW YORK,40.6952553,-73.8437661,4.8,143,Truck driving school;Boating instructor;Drivers license training school;Insurance broker;Motorcycle driving school;Motorcycle insurance agency;Training center;Driving school;Vocational school,https://www.google.com/maps/search/?api=1&query=Ayaan%20Busing%20%26%20Trucking%20Institute%20Inc&query_place_id=ChIJaWhC-bldwokRSHT8dhKc7ws,apify_google_maps
Great Western Transportation,+19254849500,http://www.gwtrans.com/,"5000 Pleasanton Ave Suite 145, Pleasanton, CA 94566",Pleasanton,CALIFORNIA,37.6582665,-121.8839267,4.9,30,Trucking company;Shipping company;Transportation service,https://www.google.com/maps/search/?api=1&query=Great%20Western%20Transportation&query_place_id=ChIJaXdRg-rpj4ARurUsNT4gNlk,apify_google_maps
Stewart Transport,+16022421800,http://www.stewarttransport.com/,"8164 W Buckeye Rd, Phoenix, AZ 85043",Phoenix,ARIZONA,33.4379787,-112.235379,4.3,94,Trucking company,https://www.google.com/maps/search/?api=1&query=Stewart%20Transport&query_place_id=ChIJ_____1AUK4cR4qnrk0Lx9tI,apify_google_maps
moveauto (formerly All American Trucking and Transport),+16507770933,https://moveauto.com/?utm_source=google+my+business&utm_medium=organic,"1590 Rollins Rd, Burlingame, CA 94010",Burlingame,CALIFORNIA,37.594784,-122.373411,4.6,583,Vehicle shipping agent,https://www.google.com/maps/search/?api=1&query=moveauto%20(formerly%20All%20American%20Trucking%20and%20Transport)&query_place_id=ChIJQXGuqTR2j4ARaEiK4wLT7Y0,apify_google_maps
Matt Brown Trucking Inc,+16232343415,http://mattbrowntrucking.com/,"21829 N 16th St, Phoenix, AZ 85024",Phoenix,ARIZONA,33.6854972,-112.044876,4.6,29,Trucking company,https://www.google.com/maps/search/?api=1&query=Matt%20Brown%20Trucking%20Inc&query_place_id=ChIJ1SQqWVRlK4cR79_Sw06lq4M,apify_google_maps
May Trucking Co,+16022562440,http://www.maytrucking.com/,"2501 W Durango St, Phoenix, AZ 85009",Phoenix,ARIZONA,33.4292935,-112.1112737,4.3,105,Trucking company,https://www.google.com/maps/search/?api=1&query=May%20Trucking%20Co&query_place_id=ChIJp3Olwp0RK4cR2VB9Az1RfDE,apify_google_maps
Diamond Trucking,+16022787399,http://www.diamondtrucking.net/,"5701 W Van Buren St, Phoenix, AZ 85043",Phoenix,ARIZONA,33.4507325,-112.182655,4.1,29,Transportation service,https://www.google.com/maps/search/?api=1&query=Diamond%20Trucking&query_place_id=ChIJ12pwC9DB4xQRsT2pCEOlIDg,apify_google_maps
White Mountain Trucking,+16022379440,http://www.whitemountaintrucking.com/,"6424 South 75th Avenue, Laveen Village, AZ 85339",Laveen Village,ARIZONA,33.3879741,-112.2198789,3.9,94,Trucking company,https://www.google.com/maps/search/?api=1&query=White%20Mountain%20Trucking&query_place_id=ChIJM9SWhE4RK4cRJO64nQQFidc,apify_google_maps
"Shippers Preferred Express, Inc.",+16022786004,http://www.spxinc.com/,"2224 Grand Ave, Phoenix, AZ 85009",Phoenix,ARIZONA,33.4721671,-112.1062395,4.6,83,Trucking company,https://www.google.com/maps/search/?api=1&query=Shippers%20Preferred%20Express%2C%20Inc.&query_place_id=ChIJ_70dna8TK4cRyE7CmooUkVU,apify_google_maps
Love 2 Haul,+16233371040,https://www.love2haul.com/,,,,33.4686075,-112.080289,5,241,Trucking company;Service establishment,https://www.google.com/maps/search/?api=1&query=Love%202%20Haul&query_place_id=ChIJEW2ApyVBK4cRu0ChChDnGq0,apify_google_maps
Central Trucking Inc,+18886498150,https://ctitruck.com/,"2255 Oatman Rd, Kingman, AZ 86413",Kingman,ARIZONA,35.1461017,-114.097346,4,50,Trucking company,https://www.google.com/maps/search/?api=1&query=Central%20Trucking%20Inc&query_place_id=ChIJhUtVGIDgzYARNuM9UiPU0co,apify_google_maps
"Freight Zone Logistics, LLC",+18888700160,http://www.freightzonelogistics.com/about-us,"3358 AL-20, Decatur, AL 35601",Decatur,ALABAMA,34.6193907,-87.0638047,4,28,Trucking company,https://www.google.com/maps/search/?api=1&query=Freight%20Zone%20Logistics%2C%20LLC&query_place_id=ChIJA_0mFz99YogRBu6XRrsEo3A,apify_google_maps
Blair Logistics,+12052418002,https://www.blairlogisticsinc.com/,"201 19th St Ensley, Birmingham, AL 35218",Birmingham,ALABAMA,33.5142627,-86.8993318,3.5,76,Trucking company,https://www.google.com/maps/search/?api=1&query=Blair%20Logistics&query_place_id=ChIJUwGtmYsdiYgRLAEfyQSlyQo,apify_google_maps
American Transport,+13346924101,,"14094 US-84, Newton, AL 36352",Newton,ALABAMA,31.2433019,-85.621582,4.8,12,Trucking company,https://www.google.com/maps/search/?api=1&query=American%20Transport&query_place_id=ChIJkUxG6QhhkogRDUiGUJ3XjyA,apify_google_maps
Alabama Carriers,+18007217107,http://alabamacarriers.com/,"3839 US-321, West Columbia, SC 29172",West Columbia,SOUTH CAROLINA,33.8809622,-81.0674754,4.4,17,Trucking company,https://www.google.com/maps/search/?api=1&query=Alabama%20Carriers&query_place_id=ChIJ0-YSQi65-IgRvJpsFaVYXuc,apify_google_maps
Southeastern Freight Lines,+12058532022,https://www.sefl.com/,"2701 Southeastern Cir, Birmingham, AL 35215",Birmingham,ALABAMA,33.6404905,-86.7379785,4.1,107,Trucking company,https://www.google.com/maps/search/?api=1&query=Southeastern%20Freight%20Lines&query_place_id=ChIJI6SlV2cPiYgRdtv6QkEeCc8,apify_google_maps
Double H Freight LLC,+12052748887,https://doublehfreight.com/,"415 6th St S, Oneonta, AL 35121",Oneonta,ALABAMA,33.9401003,-86.4615727,4.6,10,Trucking company,https://www.google.com/maps/search/?api=1&query=Double%20H%20Freight%20LLC&query_place_id=ChIJQ2-_apyQiYgRevgutLEIRYU,apify_google_maps
"Northwest Alabama Transport, Inc",+12569785154,http://www.northwestalabamatransportinc.com/,"3400 E 2nd St, Muscle Shoals, AL 35661",Muscle Shoals,ALABAMA,34.7579863,-87.6139462,3.5,11,Trucking company,https://www.google.com/maps/search/?api=1&query=Northwest%20Alabama%20Transport%2C%20Inc&query_place_id=ChIJYzIAFDNLfYgR9IIC9R2batU,apify_google_maps
Rocket City Logistics,+12566845721,http://www.rocketcitylogistics.com/,"2102 Jackson Ave NW, Huntsville, AL 35805",Huntsville,ALABAMA,34.7280403,-86.5986371,5,1,Shipping company,https://www.google.com/maps/search/?api=1&query=Rocket%20City%20Logistics&query_place_id=ChIJ60kwVvBtYogRoV8t1I1hfY0,apify_google_maps
Deep South Freight,+12053260490,https://deepsouthfreight.com/,"2221 17th St N, Birmingham, AL 35204",Birmingham,ALABAMA,33.5395812,-86.8271637,3.1,44,Trucking company,https://www.google.com/maps/search/?api=1&query=Deep%20South%20Freight&query_place_id=ChIJs9gsdIQciYgRsScrqeScRoI,apify_google_maps
Montgomery Air Freight Inc.,+13342819157,https://www.mgmair.com/,"4820 Westport Blvd, Montgomery, AL 36108",Montgomery,ALABAMA,32.3075168,-86.3669014,4,30,Trucking company,https://www.google.com/maps/search/?api=1&query=Montgomery%20Air%20Freight%20Inc.&query_place_id=ChIJW4GbJWOHjogRmtrIELQ0iSg,apify_google_maps
Alaska Freight Service Inc.,+18662766304,,"1699 Wall St Suite 200H, Mt Prospect, IL 60056",Mt Prospect,ILLINOIS,42.0345737,-87.9422402,4.8,35,Transportation service,https://www.google.com/maps/search/?api=1&query=Alaska%20Freight%20Service%20Inc.&query_place_id=ChIJN1Z2fMK3D4gR2OC4rPCpBYM,apify_google_maps
DFT Logistics,+14803769609,https://dftlogistics.com/,"7150 E Camelback Rd, Scottsdale, AZ 85251",Scottsdale,ARIZONA,33.5027988,-111.9266783,5,373,Trucking company;Delivery service;Logistics service;Shipping company;Transportation service,https://www.google.com/maps/search/?api=1&query=DFT%20Logistics&query_place_id=ChIJAQCQNr0LK4cR7WhHN-q45ks,apify_google_maps
Arizona Cargo & Phoenix Freight,+16026471333,https://arizonacargo.com/,"3435 W Vía Del Deserto, Phoenix, AZ 85086",Phoenix,ARIZONA,33.8098329,-112.1340328,5,20,Trucking company;Courier service;Shipping company;Transportation service,https://www.google.com/maps/search/?api=1&query=Arizona%20Cargo%20%26%20Phoenix%20Freight&query_place_id=ChIJC3wkYG0TK4cRQaMeNhMhqO4,apify_google_maps
Moody's Quick Freight Inc.,+16028612121,http://www.moodysquick.com/,"4635 W McDowell Rd #170, Phoenix, AZ 85035",Phoenix,ARIZONA,33.464635,-112.156954,4.5,12,Trucking company;Courier service;Distribution service;Freight forwarding service;Logistics service;Shipping service;Warehouse,https://www.google.com/maps/search/?api=1&query=Moody's%20Quick%20Freight%20Inc.&query_place_id=ChIJndfEFmsUK4cRysRqWHsgPfA,apify_google_maps
"M & P Transport Company, INC.",+16022722637,,"3401 S 39th Ave, Phoenix, AZ 85009",Phoenix,ARIZONA,33.4181537,-112.1428213,4.5,19,Trucking company;Cement supplier,https://www.google.com/maps/search/?api=1&query=M%20%26%20P%20Transport%20Company%2C%20INC.&query_place_id=ChIJCdnfT7EWK4cR1aNVkYiqYf4,apify_google_maps
"Force Freight Transport, LLC",+14806358539,https://forcefreight.com/,"6915 E Parkway Norte Suite 101, Mesa, AZ 85212",Mesa,ARIZONA,33.3387256,-111.6844547,4,4,Trucking company,https://www.google.com/maps/search/?api=1&query=Force%20Freight%20Transport%2C%20LLC&query_place_id=ChIJcXUDpeatK4cRirrBtufBG8A,apify_google_maps
Ken The Freight Guy,+14803410321,http://kenthefreightguy.com/,"9414 E San Salvador Dr Suite 232, Scottsdale, AZ 85258",Scottsdale,ARIZONA,33.570853,-111.8784188,4.9,106,Freight forwarding service;Trucking company,https://www.google.com/maps/search/?api=1&query=Ken%20The%20Freight%20Guy&query_place_id=ChIJybBIoax1K4cRm7YoT3aGHC8,apify_google_maps
United Freight Service,+16022569470,https://www.ufs.net/,"641 E Watkins St, Phoenix, AZ 85004",Phoenix,ARIZONA,33.4255462,-112.0654809,3.8,90,Trucking company,https://www.google.com/maps/search/?api=1&query=United%20Freight%20Service&query_place_id=ChIJ3Q4YPeoRK4cRJax8hGm1eAs,apify_google_maps
R+L Carriers,+16022690500,https://www2.rlcarriers.com/,"2125 S 41st Ave, Phoenix, AZ 85009",Phoenix,ARIZONA,33.4288793,-112.1464833,3.5,141,Shipping company;Trucking company;Warehouse,https://www.google.com/maps/search/?api=1&query=R%2BL%20Carriers&query_place_id=ChIJ9y5P2d4TK4cRx4uNmdsfEY4,apify_google_maps
Southwest Carriers Llc,,,"2150 W Alameda Rd, Phoenix, AZ 85085",Phoenix,ARIZONA,33.7079747,-112.1062979,4.6,19,Trucking company,https://www.google.com/maps/search/?api=1&query=Southwest%20Carriers%20Llc&query_place_id=ChIJr6XEL5plK4cRen7koQeN280,apify_google_maps
Arizona Same Day Trucking,+16025570722,http://arizonasamedaytrucking.com/,"2323 E Magnolia St # 119, Phoenix, AZ 85034",Phoenix,ARIZONA,33.4219943,-112.032577,,0,Trucking company;Freight forwarding service;Shipping company,https://www.google.com/maps/search/?api=1&query=Arizona%20Same%20Day%20Trucking&query_place_id=ChIJMcGxVToOK4cR7wxUm8WNPyk,apify_google_maps
Ozark Trucking,+19165615400,https://ozarktruckinginc.com/,"4916 Dudley Blvd, McClellan Park, CA 95652",McClellan Park,CALIFORNIA,38.6568543,-121.3880308,3.7,6,Trucking company,https://www.google.com/maps/search/?api=1&query=Ozark%20Trucking&query_place_id=ChIJWU0bSuPYmoARnuxOT_wwUUQ,apify_google_maps
Oakland Container Trucking,+15103232920,https://www.octruck.com/,"1200 Wright Ave Suit A, Richmond, CA 94804",Richmond,CALIFORNIA,37.9204505,-122.3571204,5,30,Trucking company,https://www.google.com/maps/search/?api=1&query=Oakland%20Container%20Trucking&query_place_id=ChIJLdXkEZ6ChYAR5zHGFSH89do,apify_google_maps
AMAN TRUCK LINES LLC (ATL),+12094565500,https://atl-trucking.com/,"1005 E Pescadero Ave #175, Tracy, CA 95304",Tracy,CALIFORNIA,37.762067,-121.412313,4.3,107,Trucking company,https://www.google.com/maps/search/?api=1&query=AMAN%20TRUCK%20LINES%20LLC%20(ATL)&query_place_id=ChIJAQDAJGU9kIARFq50RUyNTHc,apify_google_maps
Khalsa Transportation,+15596976557,http://www.khalsatransportation.com/,"13371 S Fowler Ave, Selma, CA 93662",Selma,CALIFORNIA,36.5414398,-119.6833449,3.7,75,Trucking company,https://www.google.com/maps/search/?api=1&query=Khalsa%20Transportation&query_place_id=ChIJOduLxwTulIARDo2ut8HdsRg,apify_google_maps
"Clawson Trucking Co., LLC",+12095381858,https://sites.google.com/site/clawsontruckingco/,"2407 Faith Home Rd, Ceres, CA 95307",Ceres,CALIFORNIA,37.5979537,-120.921112,4.1,11,Trucking company,https://www.google.com/maps/search/?api=1&query=Clawson%20Trucking%20Co.%2C%20LLC&query_place_id=ChIJn2odZsiqkYARc41nf0pnRMk,apify_google_maps
D AMERICAN TRANSPORT INC,+12093203040,https://damericantransport.com/,"1656 Venice Cir, Stockton, CA 95206",Stockton,CALIFORNIA,37.9031552,-121.308271,4.7,12,Transportation service,https://www.google.com/maps/search/?api=1&query=D%20AMERICAN%20TRANSPORT%20INC&query_place_id=ChIJW3ks-HUTkIAR4B3z1gJRmFc,apify_google_maps
Voyager Transportation solutions inc,+15108681740,https://voyagertransportationsolution.com/,"1400 Stone Pine Terrace apt 202, Fremont, CA 94536",Fremont,CALIFORNIA,37.5606455,-121.9773891,4.8,573,Transportation service,https://www.google.com/maps/search/?api=1&query=Voyager%20Transportation%20solutions%20inc&query_place_id=ChIJtTBwKnDBj4ARXK9mk3vWjl8,apify_google_maps
Smart Carship LLC,+14158085210,https://www.smartcarship.com/,"27 Maiden Ln Suite 625A, San Francisco, CA 94108",San Francisco,CALIFORNIA,37.788309,-122.404096,4.1,1034,Transportation service,https://www.google.com/maps/search/?api=1&query=Smart%20Carship%20LLC&query_place_id=ChIJwZBAtD6BhYARvgYZgsTAQ8k,apify_google_maps
Sunrise Trucking Inc.,+12095310539,https://sunrisetruckinginc.com/,"865 Roth Rd, French Camp, CA 95231",French Camp,CALIFORNIA,37.8556955,-121.2655263,4.3,90,Trucking company,https://www.google.com/maps/search/?api=1&query=Sunrise%20Trucking%20Inc.&query_place_id=ChIJFapECNMUkIARkxDr6-Rf1BU,apify_google_maps
CargoX Transport Inc,+18005012032,,"3463 Ramona Ave suite -16, Sacramento, CA 95826",Sacramento,CALIFORNIA,38.5431143,-121.4112051,4.5,8,Trucking company;Freight forwarding service;Logistics service,https://www.google.com/maps/search/?api=1&query=CargoX%20Transport%20Inc&query_place_id=ChIJUxv7f6khlaYR9F6eAZ5dLvM,apify_google_maps
Total Truck Transport,+13212317833,http://totaltrucktransport.com/,"9025 Boggy Creek Rd # 1, Orlando, FL 32824",Orlando,FLORIDA,28.4354582,-81.3480942,4.4,86,Trucking company;Delivery service;Warehouse,https://www.google.com/maps/search/?api=1&query=Total%20Truck%20Transport&query_place_id=ChIJM0yq1Fl554gRQRJ8K6fKHaM,apify_google_maps
Carlile Transportation,+19073433290,https://www.carlile.biz/contact-and-terminals/anchorage/?=gmb_profile,"1800 E 1st Ave, Anchorage, AK 99501",Anchorage,ALASKA,61.2208838,-149.8471412,4,101,Trucking company;Logistics service;Shipping service;Transportation service,https://www.google.com/maps/search/?api=1&query=Carlile%20Transportation&query_place_id=ChIJ_cofKzyWyFYRc-m0Gdmyaio,apify_google_maps
Branco Transportation Co,+14072779016,,"1717 Kamler Ave, Orlando, FL 32817",Orlando,FLORIDA,28.5692489,-81.2222487,3.8,4,Trucking company,https://www.google.com/maps/search/?api=1&query=Branco%20Transportation%20Co&query_place_id=ChIJ_fGGKCRm54gR7IhtQLonXVc,apify_google_maps
Reefer Transport,+16019471999,,"33503 US-98, Lucedale, MS 39452",Lucedale,MISSISSIPPI,31.0054593,-88.6874687,5,1,Trucking company,https://www.google.com/maps/search/?api=1&query=Reefer%20Transport&query_place_id=ChIJ1WUjOL97m4gRYpR2Os1WsiA,apify_google_maps
Reefer Trucking Llc,,,"1313 Green Valley Rd, Watsonville, CA 95076",Watsonville,CALIFORNIA,36.9865483,-121.7780442,,0,,https://www.google.com/maps/search/?api=1&query=Reefer%20Trucking%20Llc&query_place_id=ChIJAQBA3pcZjoAR1yLm2ZpTXO0,apify_google_maps
AZ Desert Mobile Reefer & Trucks Repair,+16292617336,http://www.azdesertmobile.com/,"10802 W Taft St, Phoenix, AZ 85037",Phoenix,ARIZONA,33.5045099,-112.2928621,4.9,62,Mechanic,https://www.google.com/maps/search/?api=1&query=AZ%20Desert%20Mobile%20Reefer%20%26%20Trucks%20Repair&query_place_id=ChIJCZyl6QVaOgMROi9_kZQ_5rE,apify_google_maps
Reefer Cool Inc,+19549812627,http://www.reefercool.com/,"3290 SW 50th Ave, Davie, FL 33314",Davie,FLORIDA,26.0807778,-80.2149425,2.5,38,Refrigerated transport service,https://www.google.com/maps/search/?api=1&query=Reefer%20Cool%20Inc&query_place_id=ChIJ5wm5qN6p2YgRsI_ojI0B5Ac,apify_google_maps
Florida LTL Logistics Inc,+14078863003,http://www.floridaltl.co/,"1350 Sheeler Ave BLD 2, Apopka, FL 32703",Apopka,FLORIDA,28.6592001,-81.4933919,5,2,Transportation service,https://www.google.com/maps/search/?api=1&query=Florida%20LTL%20Logistics%20Inc&query_place_id=ChIJzbwISfJ354gR_0yFmanG81g,apify_google_maps
Allen Lund Co,+14073662323,https://www.allenlund.com/contact/orlando-office/,"3501 Quadrangle Blvd Suite 105, Orlando, FL 32817",Orlando,FLORIDA,28.6008511,-81.2142962,1.5,20,Trucking company,https://www.google.com/maps/search/?api=1&query=Allen%20Lund%20Co&query_place_id=ChIJF1F1qNdr54gRWYoD6j6okhY,apify_google_maps
AAA Cooper Transportation,+14078517900,https://www.aaacooper.com/,"11425 United Way, Orlando, FL 32824",Orlando,FLORIDA,28.4040636,-81.3815275,2.9,126,Trucking company,https://www.google.com/maps/search/?api=1&query=AAA%20Cooper%20Transportation&query_place_id=ChIJq8FOHn9954gRKPPqpC3vYA4,apify_google_maps
Saia LTL Freight,+14084871743,https://www.saia.com/tools-and-resources/terminals/sjo?utm_source=GMBlisting&utm_medium=organic,"1705 Rogers Ave, San Jose, CA 95112",San Jose,CALIFORNIA,37.37257,-121.90764,2.9,28,Trucking company;Logistics service;Shipping company;Transportation service,https://www.google.com/maps/search/?api=1&query=Saia%20LTL%20Freight&query_place_id=ChIJxcPhqfTLj4ARGs3HlLPyRgU,apify_google_maps
R L Trucking,+14082943266,,"240 Leo Ave, San Jose, CA 95112",San Jose,CALIFORNIA,37.3102523,-121.8640609,4.8,12,Trucking company,https://www.google.com/maps/search/?api=1&query=R%20L%20Trucking&query_place_id=ChIJV8KBWyIzjoARoo2rh1K8gcM,apify_google_maps
Carlile Transportation,+19074517155,https://www.carlile.biz/contact-and-terminals/fairbanks/?=gmb_profile,"900 Aurora Dr, Fairbanks, AK 99709",Fairbanks,ALASKA,64.852421,-147.7627967,4.3,80,Trucking company;Logistics service;Shipping service;Transportation service,https://www.google.com/maps/search/?api=1&query=Carlile%20Transportation&query_place_id=ChIJfRen1yhFMlER36CF38u8Uq8,apify_google_maps
FedEx Ground,+18004633339,https://www.fedex.com/en-us/shipping/ground.html,"501 Gills Dr, Orlando, FL 32824",Orlando,FLORIDA,28.4412702,-81.3848898,2.8,191,Trucking company,https://www.google.com/maps/search/?api=1&query=FedEx%20Ground&query_place_id=ChIJ5z7qDKp954gReNaQI9E9iQM,apify_google_maps
"Western Transport Logistics, Inc.",+16022461417,http://www.westranz.com/,"2601 E Magnolia St, Phoenix, AZ 85034",Phoenix,ARIZONA,33.4220248,-112.0257798,3.7,27,Trucking company,https://www.google.com/maps/search/?api=1&query=Western%20Transport%20Logistics%2C%20Inc.&query_place_id=ChIJWxyuw9wTK4cRpHBNl7dSSlQ,apify_google_maps
Cat and Sons Transportation Llc,+16238895811,https://safer.fmcsa.dot.gov/query.asp?searchtype=ANY&query_type=queryCarrierSnapshot&query_param=USDOT&query_string=2300643,"6623 N 67th Ave, Glendale, AZ 85301",Glendale,ARIZONA,33.5335197,-112.20289,4.3,23,Trucking company,https://www.google.com/maps/search/?api=1&query=Cat%20and%20Sons%20Transportation%20Llc&query_place_id=ChIJEaFQee9qK4cR1PJCQABcRKk,apify_google_maps
System Transport Inc,+16022432900,http://www.systemtrans.com/,"1820 W Broadway Rd, Phoenix, AZ 85041",Phoenix,ARIZONA,33.4071703,-112.0971007,4.3,52,Trucking company,https://www.google.com/maps/search/?api=1&query=System%20Transport%20Inc&query_place_id=ChIJPQcj3QcRK4cR-IEBr-6V7uo,apify_google_maps
"JoyRide Logistics, LLC",+16236007205,http://www.joyridelogistics.com/,"2240 S 35th Ave, Phoenix, AZ 85009",Phoenix,ARIZONA,33.4268843,-112.1348816,4.5,24,Trucking company,https://www.google.com/maps/search/?api=1&query=JoyRide%20Logistics%2C%20LLC&query_place_id=ChIJqaWEwPMFK4cRgSpVmdoCkWY,apify_google_maps
Big Wave Trucking LLC,+14802692299,http://bigwavetrucking.com/,"3605 W Chandler Blvd, Chandler, AZ 85226",Chandler,ARIZONA,33.3051115,-111.90478,5,19,Trucking company;Freight forwarding service;Towing service;Transportation service,https://www.google.com/maps/search/?api=1&query=Big%20Wave%20Trucking%20LLC&query_place_id=ChIJmelWW3MBK4cR-nm99slpt0M,apify_google_maps
Knight Transportation Truck Entrance,+16022692000,https://driveknight.com/?utm_source=Google&utm_medium=Local&utm_campaign=GoogleMyBusiness&utm_content=PhoenixAZ,"5601 W Mohave St, Phoenix, AZ 85043",Phoenix,ARIZONA,33.4312606,-112.180213,4.2,162,Trucking company;Transportation service,https://www.google.com/maps/search/?api=1&query=Knight%20Transportation%20Truck%20Entrance&query_place_id=ChIJhXw-Fi8UK4cRSjWZn3gjKuE,apify_google_maps
Heartland Express,+18004414953,https://www.heartlandexpress.com/,"4555 W Mohave St, Phoenix, AZ 85043",Phoenix,ARIZONA,33.4308664,-112.1573086,4,133,Trucking company,https://www.google.com/maps/search/?api=1&query=Heartland%20Express&query_place_id=ChIJ89mYrh0UK4cRgNYo59OqJ1M,apify_google_maps
Saia LTL Freight,+16022332883,https://www.saia.com/tools-and-resources/terminals/phx?utm_source=GMBlisting&utm_medium=organic,"4301 W Mohave St, Phoenix, AZ 85043",Phoenix,ARIZONA,33.4305247,-112.154791,3.8,145,Trucking company;Logistics service;Shipping company;Transportation service,https://www.google.com/maps/search/?api=1&query=Saia%20LTL%20Freight&query_place_id=ChIJK27YMKoWK4cRdHX4LGMXLH4,apify_google_maps
Old Dominion Freight Line,+16234787120,https://www.odfl.com/us/en/tools/service-center-locator/AZ/PHX.html,"135 S 79th Ave, Tolleson, AZ 85353",Tolleson,ARIZONA,33.4452902,-112.227504,4.4,124,Trucking company;Shipping company,https://www.google.com/maps/search/?api=1&query=Old%20Dominion%20Freight%20Line&query_place_id=ChIJ_S6mq4UVK4cRENuJPpK8yzE,apify_google_maps
L & N Transport Inc,+16024840563,,"1830 S 27th Ave, Phoenix, AZ 85009",Phoenix,ARIZONA,33.4305264,-112.1175783,4.6,14,Trucking company,https://www.google.com/maps/search/?api=1&query=L%20%26%20N%20Transport%20Inc&query_place_id=ChIJUfK-zmARK4cR7idSkV2CToA,apify_google_maps
J & L Transportation Inc.,+16022789192,https://jltrans.com/,"3226 W Durango St, Phoenix, AZ 85009",Phoenix,ARIZONA,33.430141,-112.129682,3.9,12,Trucking company;Transportation service,https://www.google.com/maps/search/?api=1&query=J%20%26%20L%20Transportation%20Inc.&query_place_id=ChIJuwTDxlkRK4cR1usaksI1sfw,apify_google_maps
New Legend Inc.,+18552102300,http://www.newlegendinc.com/,"811 S 59th Ave, Phoenix, AZ 85043",Phoenix,ARIZONA,33.440354,-112.186038,3.7,138,Trucking company,https://www.google.com/maps/search/?api=1&query=New%20Legend%20Inc.&query_place_id=ChIJZeXdFKqyhIARGRaMHHnOQIs,apify_google_maps
ABF Freight,+16022723211,https://arcb.com/shippers/solutions/less-than-truckload/abf-freight?refnum=LOCAL&utm_source=Google+Business&utm_medium=GMB+ABF,"5620 W Lower Buckeye Rd, Phoenix, AZ 85043",Phoenix,ARIZONA,33.4244005,-112.1809319,3.7,127,Trucking company;Logistics service;Shipping company;Shipping service;Transportation service,https://www.google.com/maps/search/?api=1&query=ABF%20Freight&query_place_id=ChIJ5Rk7KrwTK4cRT80PejLJqws,apify_google_maps
Value Truck,+16022495501,http://valuetruck.com/,"8601 AZ-85, Buckeye, AZ 85326",Buckeye,ARIZONA,33.368351,-112.6239461,3.8,100,Trucking company;Freight forwarding service;Shipping company;Transportation service;Truck driving school,https://www.google.com/maps/search/?api=1&query=Value%20Truck&query_place_id=ChIJ725UUF80K4cRk_K1XFAVvJs,apify_google_maps
Estes Express Lines,+16023080870,https://www.estes-express.com/terminals/phoenix,"2425 S 43rd Ave, Phoenix, AZ 85009",Phoenix,ARIZONA,33.4244692,-112.1507301,3.3,279,Trucking company;Logistics service;Shipping service;Transportation service,https://www.google.com/maps/search/?api=1&query=Estes%20Express%20Lines&query_place_id=ChIJqSvIUqkWK4cRAENNRwtaI48,apify_google_maps
"J.B. Hunt Transport Services, Inc.",+16234357394,,"5851 N 51st Ave, Glendale, AZ 85301",Glendale,ARIZONA,33.5193675,-112.166287,3.6,43,Trucking company;Transportation service,https://www.google.com/maps/search/?api=1&query=J.B.%20Hunt%20Transport%20Services%2C%20Inc.&query_place_id=ChIJ97jP6zhrK4cRkBULVHSRtnM,apify_google_maps
Omni Logistics - Tempe,+14809213900,https://omnilogistics.com/locations/omni-logistics-tempe-logistics-company-in-tempe-arizona/?y_source=1_NTI1NjQ1OTMtNzE1LWxvY2F0aW9uLndlYnNpdGU%3D,"6655 S Kyrene Rd Suite 101-102, Tempe, AZ 85283",Tempe,ARIZONA,33.3593392,-111.9446306,4,25,Logistics service,https://www.google.com/maps/search/?api=1&query=Omni%20Logistics%20-%20Tempe&query_place_id=ChIJzb8bgDAOK4cRF3KBB6ob9F0,apify_google_maps
Alliance Air Freight & Trucking Company,+17163359672,http://www.shipalliance.com/,"146 Fitzgerald St, Buffalo, NY 14210",Buffalo,NEW YORK,42.8700291,-78.8551682,3,2,Trucking company;Shipping company;Shipping service;Freight forwarding service,https://www.google.com/maps/search/?api=1&query=Alliance%20Air%20Freight%20%26%20Trucking%20Company&query_place_id=ChIJZ4hRKBoS04kRkDFkg4R0iYA,apify_google_maps
Buffalo Transport Co,+17168341090,https://www.buffalotransport.com/,"21 Lasalle Ave, Buffalo, NY 14214",Buffalo,NEW YORK,42.9463896,-78.8291071,3,27,Trucking company;Warehouse,https://www.google.com/maps/search/?api=1&query=Buffalo%20Transport%20Co&query_place_id=ChIJwTFecKVy04kRTo1Iun4VI50,apify_google_maps
ACS Trucking,+19077157873,https://acstrucking.com/,"1000 S Ridgecrest Rd, Wasilla, AK 99623",Wasilla,ALASKA,61.5727297,-149.6948248,5,10,Trucking company,https://www.google.com/maps/search/?api=1&query=ACS%20Trucking&query_place_id=ChIJ1XecoC7byFYR706rrTx7-Rg,apify_google_maps
49th Freight,+19076001751,http://www.49thfreight.com/,"205 E Benson Blvd Ste 117, Anchorage, AK 99503",Anchorage,ALASKA,61.1944165,-149.880003,5,11,Trucking company;Logistics service;Shipping company,https://www.google.com/maps/search/?api=1&query=49th%20Freight&query_place_id=ChIJQYr_0769yFYRBn3lRI5d_wk,apify_google_maps
Minn-Alaska Transport,+19077463950,https://minn-ak.com/,"14517 E Outer Spring Loop, Palmer, AK 99645",Palmer,ALASKA,61.571437,-149.1064757,4.7,12,Trucking company,https://www.google.com/maps/search/?api=1&query=Minn-Alaska%20Transport&query_place_id=ChIJGSG94u8dyVYRegaP1nJEsjw,apify_google_maps
STR Alaska Shop,+19072222750,http://stralaska.com/,"100 W 104th Ave, Anchorage, AK 99515",Anchorage,ALASKA,61.1257333,-149.8797489,4.7,13,Trucking company,https://www.google.com/maps/search/?api=1&query=STR%20Alaska%20Shop&query_place_id=ChIJY3eSGnXiyFYRaFqKHn4mUEY,apify_google_maps
Span Alaska Transportation Inc,+19073493606,https://www.spanalaska.com/,"6128 Electron Dr, Anchorage, AK 99518",Anchorage,ALASKA,61.1657761,-149.9048512,4.6,44,Freight forwarding service,https://www.google.com/maps/search/?api=1&query=Span%20Alaska%20Transportation%20Inc&query_place_id=ChIJ9cZTN2KXyFYROg1lHYvDYOI,apify_google_maps
Lynden Logistics,+19072436150,https://www.lynden.com/logistics/,"6441 S Airpark Pl Suite 2, Anchorage, AK 99502",Anchorage,ALASKA,61.1627013,-149.9851867,4.4,17,Logistics service;Customs broker;Customs warehouse;Freight forwarding service;Shipping company;Shipping service;Storage facility;Transportation service,https://www.google.com/maps/search/?api=1&query=Lynden%20Logistics&query_place_id=ChIJccwSd6SiyFYRblT1fp-AuZo,apify_google_maps
Alaska All Around Trucking,+19073576695,http://www.alaskaallaroundtrucking.com/contact-us/,"7571 W, 7571 Buttercup Dr, Wasilla, AK 99654",Wasilla,ALASKA,61.5756597,-149.6415788,5,1,Shipping company,https://www.google.com/maps/search/?api=1&query=Alaska%20All%20Around%20Trucking&query_place_id=ChIJVVUhe5DbyFYRKl6NFNt3aQE,apify_google_maps
Lynden Transport,+19072764800,https://www.lynden.com/ltia/,"3027 Rampart Dr, Anchorage, AK 99501",Anchorage,ALASKA,61.2227746,-149.8239876,3.9,87,Trucking company;Freight forwarding service;Refrigerated transport service;Shipping company;Shipping service;Transportation service,https://www.google.com/maps/search/?api=1&query=Lynden%20Transport&query_place_id=ChIJV-bSr2uWyFYRr0whhRdczX8,apify_google_maps
IMC Logistics,+12516907374,https://www.imcc.com/,"5615 Todd Acres Dr, Theodore, AL 36582",Theodore,ALABAMA,30.5744673,-88.1528901,4.8,5,Trucking company,https://www.google.com/maps/search/?api=1&query=IMC%20Logistics&query_place_id=ChIJq_Hff41OmogRHo4bggI1rcg,apify_google_maps
Jays Transport Logistic LLC,+12059021903,,"7512 Cahaba Ave, Leeds, AL 35094",Leeds,ALABAMA,33.5518893,-86.5628173,4.6,13,Trucking company;Delivery service;Freight forwarding service;Mover,https://www.google.com/maps/search/?api=1&query=Jays%20Transport%20Logistic%20LLC&query_place_id=ChIJVbeOupZtiYgRAsHLnvDEoIM,apify_google_maps
Chance Logistics Llc,+12053659195,,"9519 Co Rd 51, Sterrett, AL 35147",Sterrett,ALABAMA,33.3698654,-86.539377,4.8,4,Trucking company,https://www.google.com/maps/search/?api=1&query=Chance%20Logistics%20Llc&query_place_id=ChIJAQBsxcpBiYgRCvRinxb-bP8,apify_google_maps
South Alabama Logistics Inc,+12515838366,https://www.southalabamalogistics.com/,"3200A Bellfontaine Blvd, Theodore, AL 36582",Theodore,ALABAMA,30.4886576,-88.1138621,5,3,Transportation service,https://www.google.com/maps/search/?api=1&query=South%20Alabama%20Logistics%20Inc&query_place_id=ChIJRXnJD181mogRGw7V1ryZekw,apify_google_maps
River Region Logistics,+13344621688,http://www.riverregionlogistics.com/,"633 County Rd 4 E, Prattville, AL 36067",Prattville,ALABAMA,32.424386,-86.4526995,5,6,Trucking company,https://www.google.com/maps/search/?api=1&query=River%20Region%20Logistics&query_place_id=ChIJ29AYXmuOjogRVvJx8-4LTkE,apify_google_maps
Southeast Logistics,+12054644745,http://southeastlogistics.com/,"1526 51st Ave, Tuscaloosa, AL 35401",Tuscaloosa,ALABAMA,33.2012191,-87.6020422,3.5,34,Freight forwarding service,https://www.google.com/maps/search/?api=1&query=Southeast%20Logistics&query_place_id=ChIJrf52ZXIDhogR7v85CPQyhxI,apify_google_maps
JT’s Logistics LLC,+12058559283,,"1933 Carlisle Dr, Birmingham, AL 35235",Birmingham,ALABAMA,33.6435295,-86.6493453,5,2,Trucking company,https://www.google.com/maps/search/?api=1&query=JT%E2%80%99s%20Logistics%20LLC&query_place_id=ChIJISaF5vQNiYgRFQmSUooRy7Q,apify_google_maps
Reliable Logistic Inc,+12567751190,,"637 Co Rd 1194, Cullman, AL 35057",Cullman,ALABAMA,34.2292287,-86.9180499,5,2,Trucking company;Department of Transportation;Warehouse,https://www.google.com/maps/search/?api=1&query=Reliable%20Logistic%20Inc&query_place_id=ChIJ9eKpxT4ziIgRYgqMmxF-Gag,apify_google_maps
JA Logistics,+13343715506,https://www.jalogisticsinc.com/,"466 S Cloverdale Rd, Greenville, AL 36037",Greenville,ALABAMA,31.8428576,-86.6232061,4.4,7,Trucking company,https://www.google.com/maps/search/?api=1&query=JA%20Logistics&query_place_id=ChIJYRf0d7o-jogRu6uhUAkbBrY,apify_google_maps
Rainbow Logistics LLC,+12564851302,https://www.rainbow-logistics.com/,"1725 AL-77 suite b, Southside, AL 35907",Southside,ALABAMA,33.9285394,-86.0231278,3.9,9,Transportation service;Financial institution;Logistics service;Shipping service;Software company,https://www.google.com/maps/search/?api=1&query=Rainbow%20Logistics%20LLC&query_place_id=ChIJvWeYC6kkiogRjUh3ge1xiwM,apify_google_maps
Johnston Trucking LLC,+13347352283,https://www.johnstontrucking.com/,"2910 Highway 231 Bus, Brundidge, AL 36010",Brundidge,ALABAMA,31.6581516,-85.8103637,4.6,63,Trucking company,https://www.google.com/maps/search/?api=1&query=Johnston%20Trucking%20LLC&query_place_id=ChIJab6MmzCOjYgRSVLOW8phTRo,apify_google_maps
TnT Hauling,+12058411930,http://www.tnthaul.com/,"198 Pawnee Village Rd, Birmingham, AL 35217",Birmingham,ALABAMA,33.6232566,-86.7428741,4.2,24,Trucking company,https://www.google.com/maps/search/?api=1&query=TnT%20Hauling&query_place_id=ChIJp-O2zIYFiYgRUN5BshqRXyw,apify_google_maps
McElroy Truck Lines Inc,+12053925579,http://www.mcelroytrucklines.com/,"111 Hwy 80 Spur, Cuba, AL 36907",Cuba,ALABAMA,32.4453193,-88.3641663,3.5,147,Trucking company,https://www.google.com/maps/search/?api=1&query=McElroy%20Truck%20Lines%20Inc&query_place_id=ChIJLyj-PZpZhIgRb957jMNF7dY,apify_google_maps
"Decker Truck Line, Inc.",+15155764141,http://www.deckertruckline.com/,"1280 Powder Plant Rd, Bessemer, AL 35022",Bessemer,ALABAMA,33.3652539,-87.0121306,4.1,69,Trucking company,https://www.google.com/maps/search/?api=1&query=Decker%20Truck%20Line%2C%20Inc.&query_place_id=ChIJFbDr0rHdiIgRHVjUjtffAZA,apify_google_maps
P & S Transportation,+12057884000,http://www.pstrans.com/,"1810 Avenue C, Birmingham, AL 35218",Birmingham,ALABAMA,33.5150751,-86.8990819,4.3,196,Trucking company,https://www.google.com/maps/search/?api=1&query=P%20%26%20S%20Transportation&query_place_id=ChIJf0Bibi8FiYgRVOEbIhZcGVA,apify_google_maps
"Rhett Butler Trucking, Inc.",+13342224600,,"19546 Co Rd 70, Andalusia, AL 36421",Andalusia,ALABAMA,31.3456419,-86.3949009,4.8,18,Trucking company,https://www.google.com/maps/search/?api=1&query=Rhett%20Butler%20Trucking%2C%20Inc.&query_place_id=ChIJ29EJ67PxkYgRBXg6N-oIYTk,apify_google_maps
CRST Flatbed Solutions,+12059787485,http://www.crst.com/,"601 Vestavia Pkwy #200, Vestavia Hills, AL 35216",Vestavia Hills,ALABAMA,33.4164169,-86.7973161,3,2,Trucking company,https://www.google.com/maps/search/?api=1&query=CRST%20Flatbed%20Solutions&query_place_id=ChIJb-2d9aMZiYgRsvVvKsdkgZE,apify_google_maps
WTI Transport,+18008286450,http://www.wtitransport.com/,"7300 Commerce Dr, Tuscaloosa, AL 35401",Tuscaloosa,ALABAMA,33.2134857,-87.6258468,3.8,96,Trucking company,https://www.google.com/maps/search/?api=1&query=WTI%20Transport&query_place_id=ChIJ_1PWgqIEhogRIe_djFWRgbU,apify_google_maps
Tyler Transport LLC,+13345667474,http://tylertransport.com/,"776 Hudson St, Troy, AL 36079",Troy,ALABAMA,31.7891237,-85.9967725,3.7,23,Trucking company,https://www.google.com/maps/search/?api=1&query=Tyler%20Transport%20LLC&query_place_id=ChIJnXAlGc_tjYgRTGBCV0836ak,apify_google_maps
Stevens Transport,+19722169000,https://www.stevenstransport.com/,"9757 Military Pkwy, Dallas, TX 75227",Dallas,TEXAS,32.770462,-96.6548385,3.1,569,Trucking company;Corporate office;Freight forwarding service;Truck driving school,https://www.google.com/maps/search/?api=1&query=Stevens%20Transport&query_place_id=ChIJlWvxyHykToYRhHMqcZhAB10,apify_google_maps
Auto Transport Society,+16026382946,https://ats-logistics.com/?utm_source=googlebusinessprofile&utm_medium=organic&utm_campaign=gpb,"2490 S Gilbert Rd #200, Chandler, AZ 85286",Chandler,ARIZONA,33.2705951,-111.7911782,4.8,64,Shipping company;Logistics service;Transportation service,https://www.google.com/maps/search/?api=1&query=Auto%20Transport%20Society&query_place_id=ChIJDa0XVACrK4cRoG2GW2RoHJU,apify_google_maps
Swinglift Transport Service,+19726943260,http://swinglifttransport.com/,"417 1st Ave, Dallas, TX 75226",Dallas,TEXAS,32.7830978,-96.7726086,5,16,Trucking company;Trailer dealer;Moving and storage service,https://www.google.com/maps/search/?api=1&query=Swinglift%20Transport%20Service&query_place_id=ChIJw48D7rfFTYYRnl7uVEKtdg8,apify_google_maps
Georgiy Trucking LLC,+16232675442,https://n1740305.websitebuilder.online/,"9713 W Crown King Rd, Tolleson, AZ 85353",Tolleson,ARIZONA,33.4173066,-112.2688822,4.1,21,Trucking company,https://www.google.com/maps/search/?api=1&query=Georgiy%20Trucking%20LLC&query_place_id=ChIJe1QK8HE-K4cRsuYXtIhO9-Q,apify_google_maps
Tucson Transport Inc,+15206241800,https://tucsontransportinc.godaddysites.com/,"1730 W Rillito Dr, Tucson, AZ 85745",Tucson,ARIZONA,32.2481377,-111.0020307,4.2,10,Trucking company,https://www.google.com/maps/search/?api=1&query=Tucson%20Transport%20Inc&query_place_id=ChIJ_QiAULJ21oYRFmG5tEThQKc,apify_google_maps
Gtx Transport Llc,+16024594329,,"6730 W Southern Ave, Laveen Village, AZ 85339",Laveen Village,ARIZONA,33.3923517,-112.2039366,4.4,11,Trucking company,https://www.google.com/maps/search/?api=1&query=Gtx%20Transport%20Llc&query_place_id=ChIJVVU5ku4WK4cRDLZvVOmLHis,apify_google_maps
Shull Transport,+16028784643,http://shulltransportation.com/,"3918 E Illini St, Phoenix, AZ 85040",Phoenix,ARIZONA,33.4120972,-111.9967918,4.7,16,Trucking company;Alternative fuel station,https://www.google.com/maps/search/?api=1&query=Shull%20Transport&query_place_id=ChIJI5dBHQEPK4cRwo-rpmfhfac,apify_google_maps
Love Trucking Inc,+16239372747,https://safer.fmcsa.dot.gov/query.asp?searchtype=ANY&query_type=queryCarrierSnapshot&query_param=USDOT&query_string=1700750,"5002 W Glenn Dr, Glendale, AZ 85301",Glendale,ARIZONA,33.5400536,-112.1668089,4.5,12,Trucking company,https://www.google.com/maps/search/?api=1&query=Love%20Trucking%20Inc&query_place_id=ChIJcS6NzGxrK4cR_rZFkvOFQrQ,apify_google_maps
Landstar System Inc.,+18004351791,http://www.landstar.com/,"4700 Diplomacy Rd, Fort Worth, TX 76155",Fort Worth,TEXAS,32.8319633,-97.0360001,4.2,275,Transportation service,https://www.google.com/maps/search/?api=1&query=Landstar%20System%20Inc.&query_place_id=ChIJYwKbJAmBToYRP2ji9oIyBy8,apify_google_maps
A+TurboMovers LLC,+16827851071,http://aplusturbomovers.org/,"2013 Willow St, Grand Prairie, TX 75050",Grand Prairie,TEXAS,32.7531187,-96.9762646,4.9,38,Mover;Moving and storage service,https://www.google.com/maps/search/?api=1&query=A%2BTurboMovers%20LLC&query_place_id=ChIJsx5SIQqFToYRiGk5kJWqHm4,apify_google_maps
Kas Trucking,+14194837946,https://kas-trucking.com/,"553 Southwest St, Bellevue, OH 44811",Bellevue,OHIO,41.2637957,-82.8397227,4.5,11,Trucking company,https://www.google.com/maps/search/?api=1&query=Kas%20Trucking&query_place_id=ChIJVc6v1MszOogRCqjHH4DrX3Y,apify_google_maps
Lynn Trucking,+17349464033,,"9675 Harrison Rd Suite 100-102 200-201, Romulus, MI 48174",Romulus,MICHIGAN,42.2351862,-83.3176514,3.9,31,Trucking company;Distribution service;Logistics service;Warehouse,https://www.google.com/maps/search/?api=1&query=Lynn%20Trucking&query_place_id=ChIJw5sVI95IO4gR8EWriikTppM,apify_google_maps
Commercial Freight Services,+17347100373,https://www.commercialfreightservices.com/,"30255 Beverly Rd, Romulus, MI 48174",Romulus,MICHIGAN,42.2596924,-83.3375005,4.5,17,Trucking company;Transportation service,https://www.google.com/maps/search/?api=1&query=Commercial%20Freight%20Services&query_place_id=ChIJN_SlYbVOO4gRa87oSWSbnS4,apify_google_maps
Skyline Trucking,+16168716455,https://skylinetruckingllc.com/,"2140 44th St SE #210, Grand Rapids, MI 49508",Grand Rapids,MICHIGAN,42.8832764,-85.6127685,5,12,Trucking company,https://www.google.com/maps/search/?api=1&query=Skyline%20Trucking&query_place_id=ChIJ41WwCjqzGYgRW9qxubUHzYU,apify_google_maps
Ameri-Line - Heavy Haul - Oversize Trucking,+14403164495,http://www.ameri-line.com/,"27060 Royalton Rd, Columbia Station, OH 44028",Columbia Station,OHIO,41.314018,-81.9537686,4.4,11,Trucking company;Transportation service,https://www.google.com/maps/search/?api=1&query=Ameri-Line%20-%20Heavy%20Haul%20-%20Oversize%20Trucking&query_place_id=ChIJAR4v8v29MIgRGkyjtttjPtQ,apify_google_maps
Allen City Trucking Company,+12167046882,,"25000 Center Ridge Rd STE 8, Westlake, OH 44145",Westlake,OHIO,41.4575805,-81.8974225,5,1,Trucking company;Delivery service,https://www.google.com/maps/search/?api=1&query=Allen%20City%20Trucking%20Company&query_place_id=ChIJuVW09JKSMIgRYOyUHoLnpG0,apify_google_maps
Cleveland-Cliffs Dearborn Works (Gate 12 Truck Entrance),,,"1642 Schaefer Hwy, Dearborn, MI 48126",Dearborn,MICHIGAN,42.2914385,-83.1671245,2,21,Manufacturer,https://www.google.com/maps/search/?api=1&query=Cleveland-Cliffs%20Dearborn%20Works%20(Gate%2012%20Truck%20Entrance)&query_place_id=ChIJWzpB7HA0O4gRpzUMftaqs-M,apify_google_maps
Air Land Transport Inc,+19072480362,https://airlandak.com/,"11100 Calaska Cir, Anchorage, AK 99515",Anchorage,ALASKA,61.1210191,-149.8851828,4.5,24,Trucking company,https://www.google.com/maps/search/?api=1&query=Air%20Land%20Transport%20Inc&query_place_id=ChIJBXwsBbuZyFYRAi1XW1sCi0Y,apify_google_maps
Mountain View Trucking,+19073762386,https://mountainviewalaska.com/,"2491 S Foothills Blvd, Wasilla, AK 99623",Wasilla,ALASKA,61.5522598,-149.5687539,4,17,Trucking company,https://www.google.com/maps/search/?api=1&query=Mountain%20View%20Trucking&query_place_id=ChIJ15fVkXfdyFYR3ilkTmejbIM,apify_google_maps
Alaska Airlines - Detroit,+18002527522,https://www.alaskaair.com/content/airports/michigan/detroit,"601 W. G. Rogell Dr., Detroit, MI 48242",Detroit,MICHIGAN,42.2259839,-83.3476081,3.1,17,Airline;Airport,https://www.google.com/maps/search/?api=1&query=Alaska%20Airlines%20-%20Detroit&query_place_id=ChIJWz1tHjpPO4gR4eMfFIvGtH8,apify_google_maps
"Big Dreams Transport, Ltd.",+19076314018,,"5801 E Blue Lupine Dr, Palmer, AK 99645",Palmer,ALASKA,61.5667167,-149.3062549,5,11,Transportation service,https://www.google.com/maps/search/?api=1&query=Big%20Dreams%20Transport%2C%20Ltd.&query_place_id=ChIJS6BN-iXfyFYRetUXEOxowzk,apify_google_maps
Odyssey Logistics,+18004787699,https://www.odysseylogistics.com/,"5025 Van Buren St, Anchorage, AK 99517",Anchorage,ALASKA,61.1739732,-149.9226291,4.2,45,Freight forwarding service;Distribution service;Logistics;Moving and storage service;Mover;Shipping company;Shipping service,https://www.google.com/maps/search/?api=1&query=Odyssey%20Logistics&query_place_id=ChIJ54PIivCXyFYRSg3G3co08ns,apify_google_maps
"Alaska Terminals, Inc.",+19073496657,http://www.akterminals.com/?y_source=1_ODE3ODExLTcxNS1sb2NhdGlvbi53ZWJzaXRl,"400 W 70th Ave Suite 3, Anchorage, AK 99518",Anchorage,ALASKA,61.1565234,-149.8887965,4.9,85,Mover,https://www.google.com/maps/search/?api=1&query=Alaska%20Terminals%2C%20Inc.&query_place_id=ChIJ5xSELiiYyFYRVGcoHk0_96I,apify_google_maps
Portage Transport Inc,+19072244617,https://www.portagetransportationak.com/,"1002 3rd Ave, Seward, AK 99664",Seward,ALASKA,60.1125688,-149.4417378,4.2,10,Trucking company,https://www.google.com/maps/search/?api=1&query=Portage%20Transport%20Inc&query_place_id=ChIJ61v6o-ybx1YRcaLG7DRQG-o,apify_google_maps
On Demand Trucking,+19072763010,https://www.odtrucking.net/,"410 N Sitka St, Anchorage, AK 99501",Anchorage,ALASKA,61.224981,-149.8485656,5,1,Transportation service,https://www.google.com/maps/search/?api=1&query=On%20Demand%20Trucking&query_place_id=ChIJo0Vpak2XyFYRoDd3i6AKRW0,apify_google_maps
Alaska West Express,+19074524355,https://www.lynden.com/awe/,"1095 Sanduri St Suite 2, Fairbanks, AK 99701",Fairbanks,ALASKA,64.8047399,-147.7286618,4.4,13,Trucking company;Business to business service;Shipping company;Shipping service;Transportation service,https://www.google.com/maps/search/?api=1&query=Alaska%20West%20Express&query_place_id=ChIJn3iFQAtQMlEREqBhNCqZuNA,apify_google_maps
Black Gold Express,+19074903222,http://blackgoldalaska.com/,"308 34th Ave, Fairbanks, AK 99701",Fairbanks,ALASKA,64.8158113,-147.6990769,4.3,30,Trucking company;Oilfield,https://www.google.com/maps/search/?api=1&query=Black%20Gold%20Express&query_place_id=ChIJAQAAAExFMlERFNby2GzHPdA,apify_google_maps
United Freight & Transport Inc,+19072725700,http://uftak.com/,"1701 E 1st Ave, Anchorage, AK 99501",Anchorage,ALASKA,61.2216357,-149.8508399,3.6,9,Trucking company,https://www.google.com/maps/search/?api=1&query=United%20Freight%20%26%20Transport%20Inc&query_place_id=ChIJcQovTzyWyFYRkCzBNJNDO8U,apify_google_maps
Weaver Brothers Inc.,+19072784526,https://www.weaverbrothersinc.com/,"2230 Spar Ave #1852, Anchorage, AK 99501",Anchorage,ALASKA,61.2219241,-149.8386048,4.9,18,Trucking company,https://www.google.com/maps/search/?api=1&query=Weaver%20Brothers%20Inc.&query_place_id=ChIJD_db1D-WyFYRIuC_tthWkYk,apify_google_maps
Crosstown Deliveries Inc,+19072786142,https://crosstownak.com/,,,,61.1806455,-149.4491109,5,11,Trucking company;Courier service;Delivery service;Service establishment;Freight forwarding service;Logistics service;Transportation service,https://www.google.com/maps/search/?api=1&query=Crosstown%20Deliveries%20Inc&query_place_id=ChIJwc9qeoSXyFYRPMbs4YalTxA,apify_google_maps
AutoStar Transport Express,+18884778419,https://www.autostartransport.com/,"80 SW 8th St suite 2000, Miami, FL 33130",Miami,FLORIDA,25.76575,-80.1948294,4.3,2434,Shipping company;Freight forwarding service;Shipping service;Towing service;Transportation service;Vehicle shipping agent,https://www.google.com/maps/search/?api=1&query=AutoStar%20Transport%20Express&query_place_id=ChIJ_RAJ9IS22YgR9iYzmBOTBVQ,apify_google_maps
Aplus World Wide Logistics Corp.,+13054638555,http://www.aplusworldwidelogistics.com/,"7855 NW 12th St Suite 207, Doral, FL 33126",Doral,FLORIDA,25.7836167,-80.3235354,4.7,54,Freight forwarding service,https://www.google.com/maps/search/?api=1&query=Aplus%20World%20Wide%20Logistics%20Corp.&query_place_id=ChIJ6zr_17e72YgRgGj4pTETdCk,apify_google_maps
Delta Trucking Inc,+13056854318,http://www.delta-trucking.com/,"2790 NW 127th St, Opa-locka, FL 33054",Opa-locka,FLORIDA,25.890532,-80.245141,4.3,92,Trucking company,https://www.google.com/maps/search/?api=1&query=Delta%20Trucking%20Inc&query_place_id=ChIJgyiiziSw2YgRAtyG3Glflqs,apify_google_maps
Amad Logistics,+13058880344,http://www.amadlogistics.com/,"8274 NW 14th St, Doral, FL 33126",Doral,FLORIDA,25.7854837,-80.3300944,4.4,66,Freight forwarding service,https://www.google.com/maps/search/?api=1&query=Amad%20Logistics&query_place_id=ChIJb8bIvg252YgRUcwrs5FY8KY,apify_google_maps
Vice One Logistics,+17542290029,http://www.viceautotransport.com/request-quote,"751 NE 199th St #203, Miami, FL 33179",Miami,FLORIDA,25.9590986,-80.1867155,4.9,218,Vehicle shipping agent;Freight forwarding service,https://www.google.com/maps/search/?api=1&query=Vice%20One%20Logistics&query_place_id=ChIJhc-nmzyt2YgRMIiWs62itms,apify_google_maps
Supremacy Auto Transport,+18887513838,https://www.supremacyautotransport.com/,"1000 Brickell Ave Ste 715, Miami, FL 33131",Miami,FLORIDA,25.7639994,-80.1917812,5,38,Shipping service;Auto broker;Auto wrecker;Chauffeur service;Freight forwarding service;Shipping company;Shipping equipment industry;Towing service;Transportation service;Vehicle shipping agent,https://www.google.com/maps/search/?api=1&query=Supremacy%20Auto%20Transport&query_place_id=ChIJo45sbwm32YgRT0zdMQ6iHy0,apify_google_maps
GM International Freight Forwarders Corp.,+13055997924,http://gmfreight.com/,"7517 NW 52nd St, Miami, FL 33166",Miami,FLORIDA,25.8209356,-80.3192322,5,98,Freight forwarding service;Courier service;Distribution service;Exporter;Logistics service;Shipping company;Shipping service,https://www.google.com/maps/search/?api=1&query=GM%20International%20Freight%20Forwarders%20Corp.&query_place_id=ChIJn3eCCCi62YgRRj6FwRlrvOw,apify_google_maps
Olympia Logistics,+13058361820,http://www.olympialogistics.com/,"3970 NW 167th St, Miami Gardens, FL 33054",Miami Gardens,FLORIDA,25.9250199,-80.2658603,4.5,142,Shipping company;Container service;Customs broker;Logistics service;Moving and storage service;Transportation service;Vehicle exporter;Vehicle shipping agent,https://www.google.com/maps/search/?api=1&query=Olympia%20Logistics&query_place_id=ChIJuVT8g4qw2YgRExagMsYOwPY,apify_google_maps
FA Logistics International Corp.,,http://www.falogistics.com/,"8020 NW 71st St, Miami, FL 33166",Miami,FLORIDA,25.8374521,-80.3283115,4.7,155,Freight forwarding service;Car rental agency;Logistics service;Transportation service,https://www.google.com/maps/search/?api=1&query=FA%20Logistics%20International%20Corp.&query_place_id=ChIJl9E45bW72YgRB38qCGdzlYA,apify_google_maps
FLEET EXPRESS AUTO TRANSPORT,+13059728937,http://www.fleetexpressautotransport.com/,"8950 SW 74th Ct Suite 2201-H3, Miami, FL 33156",Miami,FLORIDA,25.687051,-80.3158267,4.5,63,Vehicle shipping agent,https://www.google.com/maps/search/?api=1&query=FLEET%20EXPRESS%20AUTO%20TRANSPORT&query_place_id=ChIJz0Q561vD2YgRFVoqTEN78IQ,apify_google_maps
